geo_name|state_us_abbreviation|housing_unit_count_100_percent
Autauga County|AL|22135
Baldwin County|AL|104061
Barbour County|AL|11829
Bibb County|AL|8981
Blount County|AL|23887
Bullock County|AL|4493
Butler County|AL|9964
Calhoun County|AL|53289
Chambers County|AL|17004
Cherokee County|AL|16267
Chilton County|AL|19278
Choctaw County|AL|7269
Clarke County|AL|12638
Clay County|AL|6776
Cleburne County|AL|6718
Coffee County|AL|22330
Colbert County|AL|25758
Conecuh County|AL|7093
Coosa County|AL|6478
Covington County|AL|18829
Crenshaw County|AL|6735
Cullman County|AL|37054
Dale County|AL|22677
Dallas County|AL|20208
DeKalb County|AL|31109
Elmore County|AL|32657
Escambia County|AL|16486
Etowah County|AL|47454
Fayette County|AL|8437
Franklin County|AL|14022
Geneva County|AL|12687
Greene County|AL|5007
Hale County|AL|7655
Henry County|AL|8891
Houston County|AL|45319
Jackson County|AL|24786
Jefferson County|AL|300552
Lamar County|AL|7354
Lauderdale County|AL|43791
Lawrence County|AL|15229
Lee County|AL|62391
Limestone County|AL|34977
Lowndes County|AL|5140
Macon County|AL|10259
Madison County|AL|146447
Marengo County|AL|10237
Marion County|AL|14737
Marshall County|AL|40342
Mobile County|AL|178196
Monroe County|AL|11333
Montgomery County|AL|101641
Morgan County|AL|51193
Perry County|AL|4737
Pickens County|AL|9483
Pike County|AL|15267
Randolph County|AL|11982
Russell County|AL|24595
St. Clair County|AL|35541
Shelby County|AL|80970
Sumter County|AL|6786
Talladega County|AL|37088
Tallapoosa County|AL|22111
Tuscaloosa County|AL|84872
Walker County|AL|30816
Washington County|AL|8407
Wilcox County|AL|5649
Winston County|AL|13469
Aleutians East Borough|AK|747
Aleutians West Census Area|AK|1929
Anchorage Municipality|AK|113032
Bethel Census Area|AK|5919
Bristol Bay Borough|AK|969
Denali Borough|AK|1771
Dillingham Census Area|AK|2427
Fairbanks North Star Borough|AK|41783
Desha County|AR|6261
Haines Borough|AK|1631
Hoonah-Angoon Census Area|AK|1771
Juneau City and Borough|AK|13055
Kenai Peninsula Borough|AK|30578
Ketchikan Gateway Borough|AK|6166
Kodiak Island Borough|AK|5303
Lake and Peninsula Borough|AK|1502
Matanuska-Susitna Borough|AK|41329
Nome Census Area|AK|4008
North Slope Borough|AK|2500
Northwest Arctic Borough|AK|2707
Petersburg Census Area|AK|1994
Prince of Wales-Hyder Census Area|AK|2992
Sitka City and Borough|AK|4102
Skagway Municipality|AK|636
Southeast Fairbanks Census Area|AK|3915
Valdez-Cordova Census Area|AK|6102
Wade Hampton Census Area|AK|2183
Wrangell City and Borough|AK|1428
Yakutat City and Borough|AK|450
Yukon-Koyukuk Census Area|AK|4038
Apache County|AZ|32514
Cochise County|AZ|59041
Coconino County|AZ|63321
Gila County|AZ|32698
Graham County|AZ|12980
Greenlee County|AZ|4372
La Paz County|AZ|16049
Maricopa County|AZ|1639279
Mohave County|AZ|110911
Navajo County|AZ|56938
Pima County|AZ|440909
Pinal County|AZ|159222
Santa Cruz County|AZ|18010
Yavapai County|AZ|110432
Yuma County|AZ|87850
Arkansas County|AR|9436
Ashley County|AR|10137
Baxter County|AR|22580
Benton County|AR|93084
Boone County|AR|16827
Bradley County|AR|5860
Calhoun County|AR|2897
Carroll County|AR|13559
Chicot County|AR|5421
Clark County|AR|10385
Clay County|AR|8031
Cleburne County|AR|15826
Cleveland County|AR|4064
Columbia County|AR|11596
Conway County|AR|9720
Craighead County|AR|40515
Crawford County|AR|26115
Crittenden County|AR|21489
Cross County|AR|7853
Dallas County|AR|4305
Drew County|AR|8408
Faulkner County|AR|46612
Franklin County|AR|8021
Fulton County|AR|6778
Garland County|AR|50548
Grant County|AR|7758
Greene County|AR|17892
Hempstead County|AR|10419
Hot Spring County|AR|14332
Howard County|AR|6238
Independence County|AR|16187
Izard County|AR|7232
Jackson County|AR|7601
Jefferson County|AR|33006
Johnson County|AR|11311
Lafayette County|AR|4353
Lawrence County|AR|8000
Lee County|AR|4356
Lincoln County|AR|4860
Little River County|AR|6460
Logan County|AR|10108
Lonoke County|AR|27239
Madison County|AR|7481
Marion County|AR|9354
Miller County|AR|19281
Mississippi County|AR|20459
Monroe County|AR|4455
Montgomery County|AR|5763
Nevada County|AR|4563
Newton County|AR|4664
Ouachita County|AR|13121
Perry County|AR|4907
Phillips County|AR|10126
Pike County|AR|5580
Poinsett County|AR|10923
Polk County|AR|10002
Pope County|AR|25551
Prairie County|AR|4503
Pulaski County|AR|175555
Randolph County|AR|8513
St. Francis County|AR|10903
Saline County|AR|44811
Scott County|AR|5193
Searcy County|AR|4900
Sebastian County|AR|54651
Sevier County|AR|6887
Sharp County|AR|9822
Stone County|AR|6712
Union County|AR|19653
Van Buren County|AR|10345
Washington County|AR|87808
White County|AR|32488
Woodruff County|AR|3893
Yell County|AR|9752
Alameda County|CA|582549
Alpine County|CA|1760
Amador County|CA|18032
Butte County|CA|95835
Calaveras County|CA|27925
Colusa County|CA|7883
Contra Costa County|CA|400263
Del Norte County|CA|11186
El Dorado County|CA|88159
Fresno County|CA|315531
Glenn County|CA|10778
Humboldt County|CA|61559
Imperial County|CA|56067
Inyo County|CA|9478
Kern County|CA|284367
Kings County|CA|43867
Lake County|CA|35492
Lassen County|CA|12710
Los Angeles County|CA|3445076
Madera County|CA|49140
Marin County|CA|111214
Mariposa County|CA|10188
Mendocino County|CA|40323
Merced County|CA|83698
Modoc County|CA|5192
Mono County|CA|13912
Monterey County|CA|139048
Napa County|CA|54759
Nevada County|CA|52590
Orange County|CA|1048907
Placer County|CA|152648
Plumas County|CA|15566
Riverside County|CA|800707
Sacramento County|CA|555932
San Benito County|CA|17870
San Bernardino County|CA|699637
San Diego County|CA|1164786
San Francisco County|CA|376942
San Joaquin County|CA|233755
San Luis Obispo County|CA|117315
San Mateo County|CA|271031
Santa Barbara County|CA|152834
Santa Clara County|CA|631920
Santa Cruz County|CA|104476
Shasta County|CA|77313
Sierra County|CA|2328
Siskiyou County|CA|23910
Solano County|CA|152698
Sonoma County|CA|204572
Stanislaus County|CA|179503
Sutter County|CA|33858
Tehama County|CA|26987
Trinity County|CA|8681
Tulare County|CA|141696
Tuolumne County|CA|31244
Ventura County|CA|281695
Yolo County|CA|75054
Yuba County|CA|27635
Adams County|CO|163136
Alamosa County|CO|6554
Arapahoe County|CO|238301
Archuleta County|CO|8762
Baca County|CO|2248
Bent County|CO|2242
Boulder County|CO|127071
Broomfield County|CO|22646
Chaffee County|CO|10020
Cheyenne County|CO|975
Clear Creek County|CO|5685
Conejos County|CO|4286
Costilla County|CO|2613
Crowley County|CO|1559
Custer County|CO|3956
Delta County|CO|14572
Denver County|CO|285797
Dolores County|CO|1468
Douglas County|CO|106859
Eagle County|CO|31312
Elbert County|CO|8939
El Paso County|CO|252852
Fremont County|CO|19242
Garfield County|CO|23309
Gilpin County|CO|3560
Grand County|CO|16061
Gunnison County|CO|11412
Hinsdale County|CO|1388
Huerfano County|CO|5075
Jackson County|CO|1286
Jefferson County|CO|229967
Kiowa County|CO|805
Kit Carson County|CO|3527
Lake County|CO|4271
La Plata County|CO|25860
Larimer County|CO|132722
Las Animas County|CO|8217
Lincoln County|CO|2420
Logan County|CO|8981
Mesa County|CO|62644
Mineral County|CO|1201
Moffat County|CO|6196
Montezuma County|CO|12094
Montrose County|CO|18250
Morgan County|CO|11490
Otero County|CO|8969
Ouray County|CO|3083
Park County|CO|13947
Phillips County|CO|2087
Pitkin County|CO|12953
Prowers County|CO|5942
Pueblo County|CO|69526
Rio Blanco County|CO|3309
Rio Grande County|CO|6630
Routt County|CO|16303
Saguache County|CO|3843
San Juan County|CO|756
San Miguel County|CO|6638
Sedgwick County|CO|1415
Summit County|CO|29842
Teller County|CO|12643
Washington County|CO|2434
Weld County|CO|96281
Yuma County|CO|4466
Fairfield County|CT|361221
Hartford County|CT|374249
Litchfield County|CT|87550
Middlesex County|CT|74837
New Haven County|CT|362004
New London County|CT|120994
Tolland County|CT|57963
Windham County|CT|49073
Kent County|DE|65338
New Castle County|DE|217511
Sussex County|DE|123036
District of Columbia|DC|296719
Alachua County|FL|112766
Baker County|FL|9687
Bay County|FL|99650
Bradford County|FL|11011
Brevard County|FL|269864
Broward County|FL|810388
Calhoun County|FL|5999
Charlotte County|FL|100632
Citrus County|FL|78026
Clay County|FL|75478
Collier County|FL|197298
Columbia County|FL|28636
DeSoto County|FL|14590
Dixie County|FL|9319
Duval County|FL|388486
Escambia County|FL|136703
Flagler County|FL|48595
Franklin County|FL|8652
Gadsden County|FL|19506
Gilchrist County|FL|7307
Glades County|FL|6979
Gulf County|FL|9110
Hamilton County|FL|5778
Hardee County|FL|9722
Hendry County|FL|14564
Hernando County|FL|84504
Highlands County|FL|55386
Hillsborough County|FL|536092
Holmes County|FL|8641
Indian River County|FL|76346
Jackson County|FL|21003
Jefferson County|FL|6632
Lafayette County|FL|3328
Lake County|FL|144996
Lee County|FL|371099
Leon County|FL|124136
Levy County|FL|20123
Liberty County|FL|3357
Madison County|FL|8481
Manatee County|FL|172690
Marion County|FL|164050
Martin County|FL|78131
Miami-Dade County|FL|989435
Monroe County|FL|52764
Nassau County|FL|35009
Okaloosa County|FL|92407
Okeechobee County|FL|18509
Orange County|FL|487839
Osceola County|FL|128170
Palm Beach County|FL|664594
Pasco County|FL|228928
Pinellas County|FL|503634
Polk County|FL|281214
Putnam County|FL|37337
St. Johns County|FL|89830
St. Lucie County|FL|137029
Santa Rosa County|FL|64760
Sarasota County|FL|228413
Seminole County|FL|181307
Sumter County|FL|53026
Suwannee County|FL|19164
Taylor County|FL|11004
Union County|FL|4508
Volusia County|FL|254226
Wakulla County|FL|12804
Walton County|FL|45132
Washington County|FL|10796
Appling County|GA|8512
Atkinson County|GA|3522
Bacon County|GA|4801
Baker County|GA|1652
Baldwin County|GA|20159
Banks County|GA|7595
Barrow County|GA|26400
Bartow County|GA|39823
Ben Hill County|GA|7942
Berrien County|GA|8709
Bibb County|GA|69662
Bleckley County|GA|5304
Brantley County|GA|8086
Brooks County|GA|7706
Bryan County|GA|11842
Bulloch County|GA|28794
Burke County|GA|9865
Butts County|GA|9357
Calhoun County|GA|2409
Camden County|GA|21114
Candler County|GA|4761
Carroll County|GA|44607
Catoosa County|GA|26606
Charlton County|GA|4475
Chatham County|GA|119323
Chattahoochee County|GA|3376
Chattooga County|GA|10977
Cherokee County|GA|82360
Clarke County|GA|51068
Clay County|GA|2102
Clayton County|GA|104705
Clinch County|GA|3007
Cobb County|GA|286490
Coffee County|GA|17061
Colquitt County|GA|18311
Columbia County|GA|48626
Cook County|GA|7287
Coweta County|GA|50171
Crawford County|GA|5292
Crisp County|GA|10734
Dade County|GA|7305
Dawson County|GA|10425
Decatur County|GA|12125
DeKalb County|GA|304968
Dodge County|GA|9857
Dooly County|GA|6328
Dougherty County|GA|40801
Douglas County|GA|51672
Early County|GA|4975
Echols County|GA|1558
Effingham County|GA|19884
Elbert County|GA|9583
Emanuel County|GA|9968
Evans County|GA|4664
Fannin County|GA|16207
Fayette County|GA|40793
Floyd County|GA|40551
Forsyth County|GA|64052
Franklin County|GA|10553
Fulton County|GA|437105
Gilmer County|GA|16564
Glascock County|GA|1519
Glynn County|GA|40716
Gordon County|GA|22278
Grady County|GA|10760
Greene County|GA|8688
Gwinnett County|GA|291547
Habersham County|GA|18146
Hall County|GA|68825
Hancock County|GA|5360
Haralson County|GA|12287
Harris County|GA|13397
Hart County|GA|13007
Heard County|GA|5148
Henry County|GA|76533
Houston County|GA|58325
Irwin County|GA|4033
Jackson County|GA|23752
Jasper County|GA|6153
Jeff Davis County|GA|6488
Jefferson County|GA|7298
Jenkins County|GA|4221
Johnson County|GA|4120
Jones County|GA|11688
Lamar County|GA|7474
Lanier County|GA|4249
Laurens County|GA|21368
Lee County|GA|10276
Liberty County|GA|26731
Lincoln County|GA|4786
Long County|GA|6039
Lowndes County|GA|43921
Lumpkin County|GA|12925
McDuffie County|GA|9319
McIntosh County|GA|9220
Macon County|GA|6136
Madison County|GA|11784
Marion County|GA|4156
Meriwether County|GA|9957
Miller County|GA|2791
Mitchell County|GA|8996
Monroe County|GA|10710
Montgomery County|GA|3921
Morgan County|GA|7472
Murray County|GA|15979
Muscogee County|GA|82690
Newton County|GA|38342
Oconee County|GA|12383
Oglethorpe County|GA|6484
Paulding County|GA|52130
Peach County|GA|11050
Pickens County|GA|13692
Pierce County|GA|7986
Pike County|GA|6820
Polk County|GA|16908
Pulaski County|GA|5151
Putnam County|GA|12804
Quitman County|GA|2047
Rabun County|GA|12313
Randolph County|GA|4153
Richmond County|GA|86331
Rockdale County|GA|33272
Schley County|GA|2208
Screven County|GA|6739
Seminole County|GA|4797
Spalding County|GA|26777
Stephens County|GA|12662
Stewart County|GA|2383
Sumter County|GA|13909
Talbot County|GA|3399
Taliaferro County|GA|1015
Tattnall County|GA|9966
Taylor County|GA|4563
Telfair County|GA|7297
Terrell County|GA|4080
Thomas County|GA|20177
Tift County|GA|16434
Toombs County|GA|12144
Towns County|GA|7731
Treutlen County|GA|2992
Troup County|GA|28046
Turner County|GA|3841
Twiggs County|GA|4235
Union County|GA|14052
Upson County|GA|12161
Walker County|GA|30100
Walton County|GA|32435
Ware County|GA|16326
Warren County|GA|2985
Washington County|GA|9047
Wayne County|GA|12199
Webster County|GA|1523
Wheeler County|GA|2625
White County|GA|16062
Whitfield County|GA|39899
Wilcox County|GA|3510
Wilkes County|GA|5158
Wilkinson County|GA|4487
Worth County|GA|9251
Hawaii County|HI|82324
Honolulu County|HI|336899
Kalawao County|HI|113
Kauai County|HI|29793
Maui County|HI|70379
Ada County|ID|159471
Adams County|ID|2636
Bannock County|ID|33191
Bear Lake County|ID|3914
Benewah County|ID|4629
Bingham County|ID|16141
Blaine County|ID|15050
Boise County|ID|5292
Bonner County|ID|24669
Bonneville County|ID|39731
Boundary County|ID|5175
Butte County|ID|1354
Camas County|ID|831
Canyon County|ID|69409
Caribou County|ID|3226
Cassia County|ID|8372
Clark County|ID|531
Clearwater County|ID|4453
Custer County|ID|3103
Elmore County|ID|12162
Franklin County|ID|4528
Fremont County|ID|8531
Gem County|ID|7099
Gooding County|ID|6093
Idaho County|ID|8744
Jefferson County|ID|8722
Jerome County|ID|8101
Kootenai County|ID|63177
Latah County|ID|15988
Lemhi County|ID|4729
Lewis County|ID|1880
Lincoln County|ID|1976
Madison County|ID|11280
Minidoka County|ID|7665
Nez Perce County|ID|17438
Oneida County|ID|1906
Owyhee County|ID|4781
Payette County|ID|8945
Power County|ID|2944
Shoshone County|ID|7061
Teton County|ID|5478
Twin Falls County|ID|31072
Valley County|ID|11789
Washington County|ID|4529
Adams County|IL|29842
Alexander County|IL|4006
Bond County|IL|7089
Boone County|IL|19970
Brown County|IL|2462
Bureau County|IL|15720
Calhoun County|IL|2835
Carroll County|IL|8437
Cass County|IL|5836
Champaign County|IL|87569
Christian County|IL|15563
Clark County|IL|7772
Clay County|IL|6404
Clinton County|IL|15311
Coles County|IL|23425
Cook County|IL|2180359
Crawford County|IL|8661
Cumberland County|IL|4874
DeKalb County|IL|41079
De Witt County|IL|7521
Douglas County|IL|8390
DuPage County|IL|356179
Edgar County|IL|8803
Edwards County|IL|3187
Effingham County|IL|14570
Fayette County|IL|9302
Ford County|IL|6282
Franklin County|IL|18525
Fulton County|IL|16195
Gallatin County|IL|2746
Greene County|IL|6389
Grundy County|IL|19996
Hamilton County|IL|4104
Hancock County|IL|9274
Hardin County|IL|2488
Henderson County|IL|3827
Henry County|IL|22161
Iroquois County|IL|13452
Jackson County|IL|28578
Jasper County|IL|4345
Jefferson County|IL|16954
Jersey County|IL|9848
Jo Daviess County|IL|13574
Johnson County|IL|5598
Kane County|IL|182047
Kankakee County|IL|45246
Kendall County|IL|40321
Knox County|IL|24077
Lake County|IL|260310
LaSalle County|IL|49978
Lawrence County|IL|6936
Lee County|IL|15049
Livingston County|IL|15895
Logan County|IL|12107
McDonough County|IL|14419
McHenry County|IL|116040
McLean County|IL|69656
Macon County|IL|50475
Macoupin County|IL|21584
Madison County|IL|117106
Marion County|IL|18296
Marshall County|IL|5914
Mason County|IL|7077
Massac County|IL|7113
Menard County|IL|5654
Mercer County|IL|7358
Monroe County|IL|13392
Montgomery County|IL|13080
Morgan County|IL|15515
Moultrie County|IL|6260
Ogle County|IL|22561
Peoria County|IL|83034
Perry County|IL|9426
Piatt County|IL|7269
Pike County|IL|7951
Pope County|IL|2491
Pulaski County|IL|3155
Putnam County|IL|3074
Randolph County|IL|13707
Richland County|IL|7513
Rock Island County|IL|65756
St. Clair County|IL|116249
Saline County|IL|11697
Sangamon County|IL|89901
Schuyler County|IL|3459
Scott County|IL|2459
Shelby County|IL|10396
Stark County|IL|2674
Stephenson County|IL|22081
Tazewell County|IL|57516
Union County|IL|7924
Vermilion County|IL|36318
Wabash County|IL|5585
Warren County|IL|7682
Washington County|IL|6534
Wayne County|IL|7975
White County|IL|7181
Whiteside County|IL|25770
Will County|IL|237501
Williamson County|IL|30359
Winnebago County|IL|125965
Woodford County|IL|15145
Adams County|IN|13014
Allen County|IN|152184
Bartholomew County|IN|33098
Benton County|IN|3937
Blackford County|IN|6051
Boone County|IN|22754
Brown County|IN|8285
Carroll County|IN|9472
Cass County|IN|16474
Clark County|IN|47776
Clay County|IN|11703
Clinton County|IN|13321
Crawford County|IN|5520
Daviess County|IN|12471
Dearborn County|IN|20171
Decatur County|IN|11209
DeKalb County|IN|17558
Delaware County|IN|52357
Dubois County|IN|17384
Elkhart County|IN|77767
Fayette County|IN|10898
Floyd County|IN|31968
Fountain County|IN|7865
Franklin County|IN|9538
Fulton County|IN|9708
Gibson County|IN|14645
Grant County|IN|30443
Greene County|IN|15211
Hamilton County|IN|106772
Hancock County|IN|28125
Harrison County|IN|16534
Hendricks County|IN|55454
Henry County|IN|21288
Howard County|IN|38679
Huntington County|IN|15805
Jackson County|IN|18202
Jasper County|IN|13168
Jay County|IN|9221
Jefferson County|IN|14311
Jennings County|IN|12069
Johnson County|IN|56649
Knox County|IN|17038
Kosciusko County|IN|37038
LaGrange County|IN|14094
Lake County|IN|208750
LaPorte County|IN|48448
Lawrence County|IN|21074
Madison County|IN|59068
Marion County|IN|417862
Marshall County|IN|19845
Martin County|IN|4786
Miami County|IN|15479
Monroe County|IN|59107
Montgomery County|IN|16535
Morgan County|IN|27754
Newton County|IN|6030
Noble County|IN|20109
Ohio County|IN|2784
Orange County|IN|9176
Owen County|IN|10091
Parke County|IN|8085
Perry County|IN|8495
Pike County|IN|5735
Porter County|IN|66179
Posey County|IN|11207
Pulaski County|IN|6060
Putnam County|IN|14706
Randolph County|IN|11743
Ripley County|IN|11952
Rush County|IN|7508
St. Joseph County|IN|114849
Scott County|IN|10440
Shelby County|IN|19080
Spencer County|IN|8872
Starke County|IN|10962
Steuben County|IN|19377
Sullivan County|IN|8939
Switzerland County|IN|4969
Tippecanoe County|IN|71096
Tipton County|IN|6998
Union County|IN|3239
Vanderburgh County|IN|83003
Vermillion County|IN|7488
Vigo County|IN|46006
Wabash County|IN|14171
Warren County|IN|3680
Warrick County|IN|24203
Washington County|IN|12220
Wayne County|IN|31242
Wells County|IN|11659
White County|IN|12970
Whitley County|IN|14281
Adair County|IA|3698
Adams County|IA|2010
Allamakee County|IA|7617
Appanoose County|IA|6633
Audubon County|IA|2972
Benton County|IA|11095
Black Hawk County|IA|55887
Boone County|IA|11756
Bremer County|IA|9915
Buchanan County|IA|8968
Buena Vista County|IA|8237
Butler County|IA|6682
Calhoun County|IA|5108
Carroll County|IA|9376
Cass County|IA|6591
Cedar County|IA|8064
Cerro Gordo County|IA|22163
Cherokee County|IA|5777
Chickasaw County|IA|5679
Clarke County|IA|4086
Clay County|IA|8062
Clayton County|IA|8999
Clinton County|IA|21733
Crawford County|IA|6943
Dallas County|IA|27260
Davis County|IA|3600
Decatur County|IA|3834
Delaware County|IA|8028
Des Moines County|IA|18535
Dickinson County|IA|12849
Dubuque County|IA|38951
Emmet County|IA|4758
Fayette County|IA|9558
Floyd County|IA|7526
Franklin County|IA|4894
Fremont County|IA|3431
Greene County|IA|4546
Grundy County|IA|5530
Guthrie County|IA|5756
Hamilton County|IA|7219
Hancock County|IA|5330
Hardin County|IA|8224
Harrison County|IA|6731
Henry County|IA|8280
Howard County|IA|4367
Humboldt County|IA|4684
Ida County|IA|3426
Iowa County|IA|7258
Jackson County|IA|9415
Jasper County|IA|16181
Jefferson County|IA|7594
Johnson County|IA|55967
Jones County|IA|8911
Keokuk County|IA|4931
Kossuth County|IA|7486
Lee County|IA|16205
Linn County|IA|92251
Louisa County|IA|5002
Lucas County|IA|4238
Lyon County|IA|4848
Madison County|IA|6554
Mahaska County|IA|9766
Marion County|IA|13914
Marshall County|IA|16831
Mills County|IA|6109
Mitchell County|IA|4850
Monona County|IA|4697
Monroe County|IA|3884
Montgomery County|IA|5239
Muscatine County|IA|17910
O'Brien County|IA|6649
Osceola County|IA|2990
Page County|IA|7181
Palo Alto County|IA|4628
Plymouth County|IA|10550
Pocahontas County|IA|3794
Polk County|IA|182262
Pottawattamie County|IA|39330
Poweshiek County|IA|8949
Ringgold County|IA|2613
Sac County|IA|5429
Scott County|IA|71835
Shelby County|IA|5542
Sioux County|IA|12279
Story County|IA|36789
Tama County|IA|7766
Taylor County|IA|3107
Union County|IA|5937
Van Buren County|IA|3670
Wapello County|IA|16098
Warren County|IA|18371
Washington County|IA|9516
Wayne County|IA|3212
Webster County|IA|17035
Winnebago County|IA|5194
Winneshiek County|IA|8721
Woodbury County|IA|41484
Worth County|IA|3548
Wright County|IA|6529
Allen County|KS|6226
Anderson County|KS|3720
Atchison County|KS|6990
Barber County|KS|2765
Barton County|KS|12696
Bourbon County|KS|7167
Brown County|KS|4779
Butler County|KS|26058
Chase County|KS|1503
Chautauqua County|KS|2150
Cherokee County|KS|9890
Cheyenne County|KS|1518
Clark County|KS|1135
Clay County|KS|4042
Cloud County|KS|4659
Coffey County|KS|3964
Comanche County|KS|1044
Cowley County|KS|16030
Crawford County|KS|17801
Decatur County|KS|1818
Dickinson County|KS|8972
Doniphan County|KS|3576
Douglas County|KS|46731
Edwards County|KS|1636
Elk County|KS|1760
Ellis County|KS|12872
Ellsworth County|KS|3239
Finney County|KS|13276
Ford County|KS|12005
Franklin County|KS|11147
Geary County|KS|14517
Gove County|KS|1373
Graham County|KS|1484
Grant County|KS|2945
Gray County|KS|2340
Greeley County|KS|629
Greenwood County|KS|4068
Hamilton County|KS|1236
Harper County|KS|3116
Harvey County|KS|14527
Haskell County|KS|1666
Hodgeman County|KS|973
Jackson County|KS|5779
Jefferson County|KS|8160
Jewell County|KS|2032
Johnson County|KS|226571
Kearny County|KS|1556
Kingman County|KS|3818
Kiowa County|KS|1220
Labette County|KS|10092
Lane County|KS|990
Leavenworth County|KS|28697
Lincoln County|KS|1864
Linn County|KS|5446
Logan County|KS|1441
Lyon County|KS|15237
McPherson County|KS|12721
Marion County|KS|5946
Marshall County|KS|4866
Meade County|KS|1998
Miami County|KS|13190
Mitchell County|KS|3296
Montgomery County|KS|16578
Morris County|KS|3206
Morton County|KS|1467
Nemaha County|KS|4562
Neosho County|KS|7513
Ness County|KS|1740
Norton County|KS|2542
Osage County|KS|7503
Osborne County|KS|2206
Ottawa County|KS|2779
Pawnee County|KS|3152
Phillips County|KS|3049
Pottawatomie County|KS|8626
Pratt County|KS|4514
Rawlins County|KS|1458
Reno County|KS|28274
Republic County|KS|2877
Rice County|KS|4548
Riley County|KS|28212
Rooks County|KS|2768
Rush County|KS|1869
Russell County|KS|3910
Saline County|KS|24101
Scott County|KS|2193
Sedgwick County|KS|211593
Seward County|KS|8061
Shawnee County|KS|79140
Sheridan County|KS|1265
Sherman County|KS|3148
Smith County|KS|2232
Stafford County|KS|2319
Stanton County|KS|990
Stevens County|KS|2306
Sumner County|KS|10865
Thomas County|KS|3536
Trego County|KS|1682
Wabaunsee County|KS|3227
Wallace County|KS|781
Washington County|KS|2955
Wichita County|KS|1054
Wilson County|KS|4682
Woodson County|KS|2022
Wyandotte County|KS|66747
Adair County|KY|8568
Allen County|KY|9307
Anderson County|KY|9127
Ballard County|KY|3885
Barren County|KY|19188
Bath County|KY|5405
Bell County|KY|13154
Boone County|KY|46154
Bourbon County|KY|8927
Boyd County|KY|21803
Boyle County|KY|12312
Bracken County|KY|3840
Breathitt County|KY|6231
Breckinridge County|KY|10630
Bullitt County|KY|29318
Butler County|KY|5877
Caldwell County|KY|6292
Calloway County|KY|18065
Campbell County|KY|39523
Carlisle County|KY|2441
Carroll County|KY|4696
Carter County|KY|12311
Casey County|KY|7487
Christian County|KY|29459
Clark County|KY|15706
Clay County|KY|8875
Clinton County|KY|5311
Crittenden County|KY|4569
Cumberland County|KY|3690
Daviess County|KY|41452
Edmonson County|KY|6467
Elliott County|KY|3371
Estill County|KY|6865
Fayette County|KY|135160
Fleming County|KY|6623
Floyd County|KY|18175
Franklin County|KY|23164
Fulton County|KY|3372
Gallatin County|KY|3786
Garrard County|KY|7463
Grant County|KY|9942
Graves County|KY|16777
Grayson County|KY|13561
Green County|KY|5324
Greenup County|KY|16330
Hancock County|KY|3734
Hardin County|KY|43261
Harlan County|KY|13513
Harrison County|KY|8208
Hart County|KY|8559
Henderson County|KY|20320
Henry County|KY|6640
Hickman County|KY|2342
Hopkins County|KY|21180
Jackson County|KY|6523
Jefferson County|KY|337616
Jessamine County|KY|19331
Johnson County|KY|10624
Kenton County|KY|68975
Knott County|KY|7461
Knox County|KY|14485
Larue County|KY|6172
Laurel County|KY|25446
Lawrence County|KY|7286
Lee County|KY|3436
Leslie County|KY|5278
Letcher County|KY|11601
Lewis County|KY|6481
Lincoln County|KY|10819
Livingston County|KY|4824
Logan County|KY|12339
Lyon County|KY|4791
McCracken County|KY|31079
McCreary County|KY|7507
McLean County|KY|4264
Madison County|KY|35043
Magoffin County|KY|5950
Marion County|KY|8182
Marshall County|KY|15748
Martin County|KY|5164
Mason County|KY|8105
Meade County|KY|11762
Menifee County|KY|3744
Mercer County|KY|9941
Metcalfe County|KY|4681
Monroe County|KY|5204
Montgomery County|KY|11699
Morgan County|KY|5830
Muhlenberg County|KY|13699
Nelson County|KY|18075
Nicholas County|KY|3261
Ohio County|KY|10219
Oldham County|KY|20688
Owen County|KY|5634
Owsley County|KY|2328
Pendleton County|KY|6339
Perry County|KY|12791
Pike County|KY|30304
Powell County|KY|5598
Pulaski County|KY|31443
Robertson County|KY|1095
Rockcastle County|KY|7703
Rowan County|KY|10102
Russell County|KY|9993
Scott County|KY|19303
Shelby County|KY|16606
Simpson County|KY|7435
Spencer County|KY|6704
Taylor County|KY|10864
Todd County|KY|5286
Trigg County|KY|7810
Trimble County|KY|3930
Union County|KY|6141
Warren County|KY|47223
Washington County|KY|5044
Wayne County|KY|10942
Webster County|KY|5936
Whitley County|KY|15166
Wolfe County|KY|3660
Woodford County|KY|10711
Acadia Parish|LA|25387
Allen Parish|LA|9733
Ascension Parish|LA|40784
Assumption Parish|LA|10351
Avoyelles Parish|LA|18042
Beauregard Parish|LA|15040
Bienville Parish|LA|7718
Bossier Parish|LA|49351
Caddo Parish|LA|112028
Calcasieu Parish|LA|82058
Caldwell Parish|LA|4994
Cameron Parish|LA|3593
Catahoula Parish|LA|4877
Claiborne Parish|LA|7761
Concordia Parish|LA|9383
De Soto Parish|LA|12290
East Baton Rouge Parish|LA|187353
East Carroll Parish|LA|2904
East Feliciana Parish|LA|8014
Evangeline Parish|LA|14662
Franklin Parish|LA|9034
Grant Parish|LA|8886
Iberia Parish|LA|29698
Iberville Parish|LA|12707
Jackson Parish|LA|7680
Jefferson Parish|LA|189135
Jefferson Davis Parish|LA|13306
Lafayette Parish|LA|93656
Lafourche Parish|LA|38582
La Salle Parish|LA|6560
Lincoln Parish|LA|19479
Livingston Parish|LA|50170
Madison Parish|LA|4804
Morehouse Parish|LA|12423
Natchitoches Parish|LA|18587
Orleans Parish|LA|189896
Ouachita Parish|LA|64481
Plaquemines Parish|LA|9596
Pointe Coupee Parish|LA|11130
Rapides Parish|LA|55684
Red River Parish|LA|4128
Richland Parish|LA|8621
Sabine Parish|LA|14130
St. Bernard Parish|LA|16794
St. Charles Parish|LA|19896
St. Helena Parish|LA|5150
St. James Parish|LA|8455
St. John the Baptist Parish|LA|17510
St. Landry Parish|LA|35692
St. Martin Parish|LA|21941
St. Mary Parish|LA|23028
St. Tammany Parish|LA|95412
Tangipahoa Parish|LA|50073
Tensas Parish|LA|3357
Terrebonne Parish|LA|43887
Union Parish|LA|11346
Vermilion Parish|LA|25235
Vernon Parish|LA|21433
Washington Parish|LA|21039
Webster Parish|LA|19336
West Baton Rouge Parish|LA|9324
West Carroll Parish|LA|5046
West Feliciana Parish|LA|5097
Winn Parish|LA|7234
Androscoggin County|ME|49090
Aroostook County|ME|39529
Cumberland County|ME|138657
Franklin County|ME|21709
Hancock County|ME|40184
Kennebec County|ME|60972
Knox County|ME|23744
Lincoln County|ME|23493
Oxford County|ME|36055
Penobscot County|ME|73860
Piscataquis County|ME|15340
Sagadahoc County|ME|18288
Somerset County|ME|30569
Waldo County|ME|21566
Washington County|ME|23001
York County|ME|105773
Allegany County|MD|33311
Anne Arundel County|MD|212562
Baltimore County|MD|335622
Calvert County|MD|33780
Caroline County|MD|13482
Carroll County|MD|62406
Cecil County|MD|41103
Charles County|MD|54963
Dorchester County|MD|16554
Frederick County|MD|90136
Garrett County|MD|18854
Harford County|MD|95554
Howard County|MD|109282
Kent County|MD|10549
Montgomery County|MD|375905
Prince George's County|MD|328182
Queen Anne's County|MD|20140
St. Mary's County|MD|41282
Somerset County|MD|11130
Talbot County|MD|19577
Washington County|MD|60814
Wicomico County|MD|41192
Worcester County|MD|55749
Baltimore city|MD|296685
Barnstable County|MA|160281
Berkshire County|MA|68508
Bristol County|MA|230535
Dukes County|MA|17188
Essex County|MA|306754
Franklin County|MA|33758
Hampden County|MA|192175
Hampshire County|MA|62603
Middlesex County|MA|612004
Nantucket County|MA|11618
Norfolk County|MA|270359
Plymouth County|MA|200161
Suffolk County|MA|315522
Worcester County|MA|326788
Alcona County|MI|11073
Alger County|MI|6554
Allegan County|MI|49426
Alpena County|MI|16053
Antrim County|MI|17824
Arenac County|MI|9803
Baraga County|MI|5270
Barry County|MI|27010
Bay County|MI|48220
Benzie County|MI|12199
Berrien County|MI|76922
Branch County|MI|20841
Calhoun County|MI|61042
Cass County|MI|25887
Charlevoix County|MI|17249
Cheboygan County|MI|18298
Chippewa County|MI|21253
Clare County|MI|23233
Clinton County|MI|30695
Crawford County|MI|11092
Delta County|MI|20214
Dickinson County|MI|13990
Eaton County|MI|47050
Emmet County|MI|21304
Genesee County|MI|192180
Gladwin County|MI|17672
Gogebic County|MI|10795
Grand Traverse County|MI|41599
Gratiot County|MI|16339
Hillsdale County|MI|21757
Houghton County|MI|18636
Huron County|MI|21199
Ingham County|MI|121281
Ionia County|MI|24778
Iosco County|MI|20443
Iron County|MI|9197
Isabella County|MI|28381
Jackson County|MI|69458
Kalamazoo County|MI|110007
Kalkaska County|MI|12171
Kent County|MI|246901
Keweenaw County|MI|2467
Lake County|MI|14966
Lapeer County|MI|36332
Leelanau County|MI|14935
Lenawee County|MI|43452
Livingston County|MI|72809
Luce County|MI|4343
Mackinac County|MI|11010
Macomb County|MI|356626
Manistee County|MI|15694
Marquette County|MI|34330
Mason County|MI|17293
Mecosta County|MI|21131
Menominee County|MI|14227
Midland County|MI|35960
Missaukee County|MI|9117
Monroe County|MI|62971
Montcalm County|MI|28221
Montmorency County|MI|9597
Muskegon County|MI|73561
Newaygo County|MI|25075
Oakland County|MI|527255
Oceana County|MI|15944
Ogemaw County|MI|16047
Ontonagon County|MI|5672
Osceola County|MI|13632
Oscoda County|MI|9118
Otsego County|MI|14731
Ottawa County|MI|102495
Presque Isle County|MI|10428
Roscommon County|MI|24459
Saginaw County|MI|86844
St. Clair County|MI|71822
St. Joseph County|MI|27778
Sanilac County|MI|22725
Schoolcraft County|MI|6313
Shiawassee County|MI|30319
Tuscola County|MI|24451
Van Buren County|MI|36785
Washtenaw County|MI|147573
Wayne County|MI|821693
Wexford County|MI|16736
Aitkin County|MN|16029
Anoka County|MN|126688
Becker County|MN|18784
Beltrami County|MN|20527
Benton County|MN|16140
Big Stone County|MN|3115
Blue Earth County|MN|26202
Brown County|MN|11493
Carlton County|MN|15656
Carver County|MN|34536
Cass County|MN|24903
Chippewa County|MN|5721
Chisago County|MN|21172
Clay County|MN|23959
Clearwater County|MN|4773
Cook County|MN|5839
Cottonwood County|MN|5412
Crow Wing County|MN|40180
Dakota County|MN|159598
Dodge County|MN|7947
Douglas County|MN|19905
Faribault County|MN|7090
Fillmore County|MN|9732
Freeborn County|MN|14231
Goodhue County|MN|20337
Grant County|MN|3324
Hennepin County|MN|509469
Houston County|MN|8601
Hubbard County|MN|14622
Isanti County|MN|15321
Itasca County|MN|27065
Jackson County|MN|4990
Kanabec County|MN|7849
Kandiyohi County|MN|19476
Kittson County|MN|2605
Koochiching County|MN|7900
Lac qui Parle County|MN|3692
Lake County|MN|7681
Lake of the Woods County|MN|3672
Le Sueur County|MN|12416
Lincoln County|MN|3108
Lyon County|MN|11098
McLeod County|MN|15760
Mahnomen County|MN|2786
Marshall County|MN|4812
Martin County|MN|10009
Meeker County|MN|10674
Mille Lacs County|MN|12750
Morrison County|MN|15731
Mower County|MN|17027
Murray County|MN|4556
Nicollet County|MN|12873
Nobles County|MN|8535
Norman County|MN|3421
Olmsted County|MN|60495
Otter Tail County|MN|35594
Pennington County|MN|6297
Pine County|MN|17276
Pipestone County|MN|4483
Polk County|MN|14610
Pope County|MN|6435
Ramsey County|MN|217197
Red Lake County|MN|1948
Redwood County|MN|7272
Renville County|MN|7355
Rice County|MN|24453
Rock County|MN|4262
Roseau County|MN|7469
St. Louis County|MN|103058
Scott County|MN|47124
Sherburne County|MN|32379
Sibley County|MN|6582
Stearns County|MN|61974
Steele County|MN|15343
Stevens County|MN|4160
Swift County|MN|4835
Todd County|MN|12917
Traverse County|MN|2073
Wabasha County|MN|9997
Wadena County|MN|6899
Waseca County|MN|7903
Washington County|MN|92374
Watonwan County|MN|5047
Wilkin County|MN|3078
Winona County|MN|20760
Wright County|MN|49000
Yellow Medicine County|MN|4760
Adams County|MS|14656
Alcorn County|MS|17077
Amite County|MS|6635
Attala County|MS|9126
Benton County|MS|4186
Bolivar County|MS|14070
Calhoun County|MS|6913
Carroll County|MS|5052
Chickasaw County|MS|7514
Choctaw County|MS|4150
Claiborne County|MS|4223
Clarke County|MS|7876
Clay County|MS|9180
Coahoma County|MS|10792
Copiah County|MS|12184
Covington County|MS|8496
DeSoto County|MS|61634
Forrest County|MS|32289
Franklin County|MS|4154
George County|MS|9330
Greene County|MS|5123
Grenada County|MS|10155
Hancock County|MS|21840
Harrison County|MS|85181
Hinds County|MS|103421
Holmes County|MS|8415
Humphreys County|MS|3855
Issaquena County|MS|560
Itawamba County|MS|10126
Jackson County|MS|60067
Jasper County|MS|8212
Jefferson County|MS|3673
Jefferson Davis County|MS|5876
Jones County|MS|28424
Kemper County|MS|4722
Lafayette County|MS|22729
Lamar County|MS|24070
Lauderdale County|MS|34698
Lawrence County|MS|6019
Leake County|MS|9415
Lee County|MS|35872
Leflore County|MS|13199
Lincoln County|MS|15255
Lowndes County|MS|26556
Madison County|MS|38558
Marion County|MS|11838
Marshall County|MS|14881
Monroe County|MS|16455
Montgomery County|MS|5194
Neshoba County|MS|12357
Newton County|MS|9373
Noxubee County|MS|5170
Oktibbeha County|MS|20947
Panola County|MS|14697
Pearl River County|MS|23968
Perry County|MS|5519
Pike County|MS|17861
Pontotoc County|MS|12440
Prentiss County|MS|11054
Quitman County|MS|3589
Rankin County|MS|56487
Scott County|MS|11470
Sharkey County|MS|2100
Simpson County|MS|11934
Smith County|MS|7237
Stone County|MS|7161
Sunflower County|MS|9685
Tallahatchie County|MS|5530
Tate County|MS|10947
Tippah County|MS|9696
Tishomingo County|MS|10295
Tunica County|MS|4803
Union County|MS|11520
Walthall County|MS|7132
Warren County|MS|21896
Washington County|MS|21708
Wayne County|MS|9213
Webster County|MS|4804
Wilkinson County|MS|5037
Winston County|MS|8745
Yalobusha County|MS|6344
Yazoo County|MS|10074
Adair County|MO|11263
Andrew County|MO|7306
Atchison County|MO|2985
Audrain County|MO|10852
Barry County|MO|17523
Barton County|MO|5600
Bates County|MO|7842
Benton County|MO|14150
Bollinger County|MO|5878
Boone County|MO|69551
Buchanan County|MO|38427
Butler County|MO|19731
Caldwell County|MO|4605
Callaway County|MO|18522
Camden County|MO|41183
Cape Girardeau County|MO|32616
Carroll County|MO|4630
Carter County|MO|3247
Cass County|MO|40030
Cedar County|MO|7224
Chariton County|MO|4167
Christian County|MO|31576
Clark County|MO|3473
Clay County|MO|93918
Clinton County|MO|8876
Cole County|MO|32324
Cooper County|MO|7463
Crawford County|MO|11955
Dade County|MO|3965
Dallas County|MO|7662
Daviess County|MO|4199
DeKalb County|MO|4329
Dent County|MO|7285
Douglas County|MO|6519
Dunklin County|MO|14419
Franklin County|MO|43419
Gasconade County|MO|8205
Gentry County|MO|3209
Greene County|MO|125387
Grundy County|MO|5023
Harrison County|MO|4407
Henry County|MO|10886
Hickory County|MO|6835
Holt County|MO|2806
Howard County|MO|4582
Howell County|MO|18021
Iron County|MO|5329
Jackson County|MO|312105
Jasper County|MO|50668
Jefferson County|MO|87626
Johnson County|MO|21528
Knox County|MO|2289
Laclede County|MO|15778
Lafayette County|MO|14718
Lawrence County|MO|16649
Lewis County|MO|4535
Lincoln County|MO|21011
Linn County|MO|6429
Livingston County|MO|6730
McDonald County|MO|9925
Macon County|MO|7665
Madison County|MO|5970
Maries County|MO|4611
Marion County|MO|12826
Mercer County|MO|2135
Miller County|MO|12758
Mississippi County|MO|5711
Moniteau County|MO|6176
Monroe County|MO|4798
Montgomery County|MO|6130
Morgan County|MO|15517
New Madrid County|MO|8531
Newton County|MO|24313
Nodaway County|MO|9524
Oregon County|MO|5486
Osage County|MO|6533
Ozark County|MO|5652
Pemiscot County|MO|8161
Perry County|MO|8568
Pettis County|MO|18249
Phelps County|MO|19533
Pike County|MO|7875
Platte County|MO|39223
Polk County|MO|13304
Pulaski County|MO|17904
Putnam County|MO|2982
Ralls County|MO|5183
Randolph County|MO|10714
Ray County|MO|9984
Reynolds County|MO|4033
Ripley County|MO|6597
St. Charles County|MO|141016
St. Clair County|MO|5640
Ste. Genevieve County|MO|8637
St. Francois County|MO|28458
St. Louis County|MO|438032
Saline County|MO|10117
Schuyler County|MO|2102
Scotland County|MO|2369
Scott County|MO|16987
Shannon County|MO|4164
Shelby County|MO|3206
Stoddard County|MO|13609
Stone County|MO|20373
Sullivan County|MO|3358
Taney County|MO|29255
Texas County|MO|11685
Vernon County|MO|9495
Warren County|MO|14685
Washington County|MO|11017
Wayne County|MO|8083
Webster County|MO|14417
Worth County|MO|1281
Wright County|MO|8700
St. Louis city|MO|176002
Beaverhead County|MT|5273
Big Horn County|MT|4695
Blaine County|MT|2843
Broadwater County|MT|2695
Carbon County|MT|6441
Carter County|MT|810
Cascade County|MT|37276
Chouteau County|MT|2879
Custer County|MT|5560
Daniels County|MT|1111
Dawson County|MT|4233
Deer Lodge County|MT|5122
Fallon County|MT|1470
Fergus County|MT|5836
Flathead County|MT|46963
Gallatin County|MT|42289
Garfield County|MT|844
Glacier County|MT|5348
Golden Valley County|MT|476
Granite County|MT|2822
Hill County|MT|7250
Jefferson County|MT|5055
Judith Basin County|MT|1336
Lake County|MT|16588
Lewis and Clark County|MT|30180
Liberty County|MT|1043
Lincoln County|MT|11413
McCone County|MT|1008
Madison County|MT|6940
Meagher County|MT|1432
Mineral County|MT|2446
Missoula County|MT|50106
Musselshell County|MT|2654
Park County|MT|9375
Petroleum County|MT|324
Phillips County|MT|2335
Pondera County|MT|2659
Powder River County|MT|1022
Powell County|MT|3105
Prairie County|MT|673
Ravalli County|MT|19583
Richland County|MT|4550
Roosevelt County|MT|4063
Rosebud County|MT|4057
Sanders County|MT|6678
Sheridan County|MT|2089
Silver Bow County|MT|16717
Stillwater County|MT|4803
Sweet Grass County|MT|2148
Teton County|MT|2892
Toole County|MT|2336
Treasure County|MT|422
Valley County|MT|4879
Wheatland County|MT|1197
Wibaux County|MT|538
Yellowstone County|MT|63943
Adams County|NE|13350
Antelope County|NE|3284
Arthur County|NE|254
Banner County|NE|369
Blaine County|NE|326
Boone County|NE|2649
Box Butte County|NE|5478
Boyd County|NE|1390
Brown County|NE|1865
Buffalo County|NE|19064
Burt County|NE|3467
Butler County|NE|4053
Cass County|NE|11117
Cedar County|NE|4148
Chase County|NE|1946
Cherry County|NE|3157
Cheyenne County|NE|4888
Clay County|NE|3001
Colfax County|NE|4097
Cuming County|NE|4204
Custer County|NE|5579
Dakota County|NE|7631
Dawes County|NE|4252
Dawson County|NE|10123
Deuel County|NE|1044
Dixon County|NE|2688
Dodge County|NE|16584
Douglas County|NE|219580
Dundy County|NE|1125
Fillmore County|NE|2913
Franklin County|NE|1734
Frontier County|NE|1574
Furnas County|NE|2721
Gage County|NE|10446
Garden County|NE|1314
Garfield County|NE|1178
Gosper County|NE|1267
Grant County|NE|391
Greeley County|NE|1300
Hall County|NE|23549
Hamilton County|NE|3968
Harlan County|NE|2375
Hayes County|NE|511
Hitchcock County|NE|1763
Holt County|NE|5215
Hooker County|NE|431
Howard County|NE|2951
Jefferson County|NE|3918
Johnson County|NE|2191
Kearney County|NE|2886
Keith County|NE|5424
Keya Paha County|NE|549
Kimball County|NE|1963
Knox County|NE|4788
Lancaster County|NE|120875
Lincoln County|NE|16583
Logan County|NE|395
Loup County|NE|426
McPherson County|NE|283
Madison County|NE|15014
Merrick County|NE|3698
Morrill County|NE|2442
Nance County|NE|1801
Nemaha County|NE|3498
Nuckolls County|NE|2465
Otoe County|NE|7025
Pawnee County|NE|1588
Perkins County|NE|1450
Phelps County|NE|4175
Pierce County|NE|3222
Platte County|NE|13378
Polk County|NE|2731
Red Willow County|NE|5267
Richardson County|NE|4393
Rock County|NE|912
Saline County|NE|5762
Sarpy County|NE|61938
Saunders County|NE|9221
Scotts Bluff County|NE|16408
Seward County|NE|6875
Sheridan County|NE|2936
Sherman County|NE|1941
Sioux County|NE|815
Stanton County|NE|2633
Thayer County|NE|2731
Thomas County|NE|402
Thurston County|NE|2408
Valley County|NE|2273
Washington County|NE|8301
Wayne County|NE|3776
Webster County|NE|1912
Wheeler County|NE|576
York County|NE|6231
Churchill County|NV|10826
Clark County|NV|840343
Douglas County|NV|23671
Elko County|NV|19566
Esmeralda County|NV|850
Eureka County|NV|1076
Humboldt County|NV|7123
Lander County|NV|2575
Lincoln County|NV|2730
Lyon County|NV|22547
Mineral County|NV|2830
Nye County|NV|22350
Pershing County|NV|2464
Storey County|NV|1990
Washoe County|NV|184841
White Pine County|NV|4498
Carson City|NV|23534
Belknap County|NH|37386
Carroll County|NH|39813
Cheshire County|NH|34773
Coos County|NH|21321
Grafton County|NH|51120
Hillsborough County|NH|166053
Merrimack County|NH|63541
Rockingham County|NH|126709
Strafford County|NH|51697
Sullivan County|NH|22341
Atlantic County|NJ|126647
Bergen County|NJ|352388
Burlington County|NJ|175615
Camden County|NJ|204943
Cape May County|NJ|98309
Cumberland County|NJ|55834
Essex County|NJ|312954
Gloucester County|NJ|109796
Hudson County|NJ|270335
Hunterdon County|NJ|49487
Mercer County|NJ|143169
Middlesex County|NJ|294800
Monmouth County|NJ|258410
Morris County|NJ|189842
Ocean County|NJ|278052
Passaic County|NJ|175966
Salem County|NJ|27417
Somerset County|NJ|123127
Sussex County|NJ|62057
Union County|NJ|199489
Warren County|NJ|44925
Bernalillo County|NM|284234
Catron County|NM|3289
Chaves County|NM|26697
Cibola County|NM|11101
Colfax County|NM|10023
Curry County|NM|20062
De Baca County|NM|1344
Doña Ana County|NM|81492
Eddy County|NM|22585
Grant County|NM|14693
Guadalupe County|NM|2393
Harding County|NM|526
Hidalgo County|NM|2393
Lea County|NM|24919
Lincoln County|NM|17519
Los Alamos County|NM|8354
Luna County|NM|10999
McKinley County|NM|25813
Mora County|NM|3232
Otero County|NM|30992
Quay County|NM|5569
Rio Arriba County|NM|19638
Roosevelt County|NM|8163
Sandoval County|NM|52287
San Juan County|NM|49341
San Miguel County|NM|15595
Santa Fe County|NM|71267
Sierra County|NM|8356
Socorro County|NM|8059
Taos County|NM|20265
Torrance County|NM|7798
Union County|NM|2305
Valencia County|NM|30085
Albany County|NY|137739
Allegany County|NY|26140
Bronx County|NY|511896
Broome County|NY|90563
Cattaraugus County|NY|41111
Cayuga County|NY|36489
Chautauqua County|NY|66920
Chemung County|NY|38369
Chenango County|NY|24710
Clinton County|NY|35888
Columbia County|NY|32775
Cortland County|NY|20577
Delaware County|NY|31222
Dutchess County|NY|118638
Erie County|NY|419974
Essex County|NY|25603
Franklin County|NY|25306
Fulton County|NY|28562
Genesee County|NY|25589
Greene County|NY|29210
Hamilton County|NY|8694
Herkimer County|NY|33381
Jefferson County|NY|57966
Kings County|NY|1000293
Lewis County|NY|15112
Livingston County|NY|27123
Madison County|NY|31757
Monroe County|NY|320593
Montgomery County|NY|23063
Nassau County|NY|468346
New York County|NY|847090
Niagara County|NY|99120
Oneida County|NY|104180
Onondaga County|NY|202357
Ontario County|NY|48193
Orange County|NY|137025
Orleans County|NY|18431
Oswego County|NY|53598
Otsego County|NY|30777
Putnam County|NY|38224
Queens County|NY|835127
Rensselaer County|NY|71475
Richmond County|NY|176656
Rockland County|NY|104057
St. Lawrence County|NY|52133
Saratoga County|NY|98656
Schenectady County|NY|68196
Schoharie County|NY|17231
Schuyler County|NY|9455
Seneca County|NY|16043
Steuben County|NY|48875
Suffolk County|NY|569985
Sullivan County|NY|49186
Tioga County|NY|22203
Tompkins County|NY|41674
Ulster County|NY|83638
Warren County|NY|38726
Washington County|NY|28844
Wayne County|NY|41057
Westchester County|NY|370821
Wyoming County|NY|17970
Yates County|NY|13491
Alamance County|NC|66576
Alexander County|NC|16189
Alleghany County|NC|8094
Anson County|NC|11576
Ashe County|NC|17342
Avery County|NC|13890
Beaufort County|NC|24688
Bertie County|NC|9822
Bladen County|NC|17718
Brunswick County|NC|77482
Buncombe County|NC|113365
Burke County|NC|40879
Cabarrus County|NC|71937
Caldwell County|NC|37659
Camden County|NC|4104
Carteret County|NC|48179
Caswell County|NC|10619
Catawba County|NC|67886
Chatham County|NC|28753
Cherokee County|NC|17515
Chowan County|NC|7289
Clay County|NC|7140
Cleveland County|NC|43373
Columbus County|NC|26042
Craven County|NC|45002
Cumberland County|NC|135524
Currituck County|NC|14453
Dare County|NC|33492
Davidson County|NC|72655
Davie County|NC|18238
Duplin County|NC|25728
Durham County|NC|120217
Edgecombe County|NC|24838
Forsyth County|NC|156872
Franklin County|NC|26577
Gaston County|NC|88686
Gates County|NC|5208
Graham County|NC|5930
Granville County|NC|22827
Greene County|NC|8213
Guilford County|NC|218017
Halifax County|NC|25781
Harnett County|NC|46731
Haywood County|NC|34954
Henderson County|NC|54710
Hertford County|NC|10635
Hoke County|NC|18211
Hyde County|NC|3347
Iredell County|NC|69013
Jackson County|NC|25948
Johnston County|NC|67682
Jones County|NC|4838
Lee County|NC|24136
Lenoir County|NC|27437
Lincoln County|NC|33641
McDowell County|NC|20808
Macon County|NC|25245
Madison County|NC|10608
Martin County|NC|11704
Mecklenburg County|NC|398510
Mitchell County|NC|8713
Montgomery County|NC|15914
Moore County|NC|43940
Nash County|NC|42286
New Hanover County|NC|101436
Northampton County|NC|11674
Onslow County|NC|68226
Orange County|NC|55597
Pamlico County|NC|7534
Pasquotank County|NC|16833
Pender County|NC|26724
Perquimans County|NC|6986
Person County|NC|18193
Pitt County|NC|74990
Polk County|NC|11432
Randolph County|NC|61041
Richmond County|NC|20738
Robeson County|NC|52751
Rockingham County|NC|43696
Rowan County|NC|60211
Rutherford County|NC|33878
Sampson County|NC|27234
Scotland County|NC|15193
Stanly County|NC|27110
Stokes County|NC|21924
Surry County|NC|33667
Swain County|NC|8723
Transylvania County|NC|19163
Tyrrell County|NC|2068
Union County|NC|72870
Vance County|NC|20082
Wake County|NC|371836
Warren County|NC|11806
Washington County|NC|6491
Watauga County|NC|32137
Wayne County|NC|52949
Wilkes County|NC|33065
Wilson County|NC|35511
Yadkin County|NC|17341
Yancey County|NC|11032
Adams County|ND|1377
Barnes County|ND|5704
Benson County|ND|2950
Billings County|ND|484
Bottineau County|ND|4341
Bowman County|ND|1683
Burke County|ND|1340
Burleigh County|ND|35754
Cass County|ND|67938
Cavalier County|ND|2309
Dickey County|ND|2636
Divide County|ND|1324
Dunn County|ND|2132
Eddy County|ND|1323
Emmons County|ND|2085
Foster County|ND|1801
Golden Valley County|ND|967
Grand Forks County|ND|29344
Grant County|ND|1690
Griggs County|ND|1461
Hettinger County|ND|1414
Kidder County|ND|1674
LaMoure County|ND|2238
Logan County|ND|1144
McHenry County|ND|2948
McIntosh County|ND|1858
McKenzie County|ND|3090
McLean County|ND|5590
Mercer County|ND|4450
Morton County|ND|12079
Mountrail County|ND|4119
Nelson County|ND|1927
Oliver County|ND|905
Pembina County|ND|3859
Pierce County|ND|2199
Ramsey County|ND|5615
Ransom County|ND|2656
Renville County|ND|1386
Richland County|ND|7503
Rolette County|ND|5372
Sargent County|ND|2004
Sheridan County|ND|894
Sioux County|ND|1311
Slope County|ND|436
Stark County|ND|10735
Steele County|ND|1171
Stutsman County|ND|9862
Towner County|ND|1449
Traill County|ND|3780
Walsh County|ND|5498
Ward County|ND|26744
Wells County|ND|2481
Williams County|ND|10464
Adams County|OH|12978
Allen County|OH|44999
Ashland County|OH|22141
Ashtabula County|OH|46099
Athens County|OH|26385
Auglaize County|OH|19585
Belmont County|OH|32452
Brown County|OH|19301
Butler County|OH|148273
Carroll County|OH|13698
Champaign County|OH|16755
Clark County|OH|61419
Clermont County|OH|80656
Clinton County|OH|18133
Columbiana County|OH|47088
Coshocton County|OH|16545
Crawford County|OH|20167
Cuyahoga County|OH|621763
Darke County|OH|22730
Defiance County|OH|16729
Delaware County|OH|66378
Erie County|OH|37845
Fairfield County|OH|58687
Fayette County|OH|12693
Franklin County|OH|527186
Fulton County|OH|17407
Gallia County|OH|13925
Geauga County|OH|36574
Greene County|OH|68241
Guernsey County|OH|19193
Hamilton County|OH|377364
Hancock County|OH|33174
Hardin County|OH|13100
Harrison County|OH|8170
Henry County|OH|11963
Highland County|OH|19380
Hocking County|OH|13417
Holmes County|OH|13666
Huron County|OH|25196
Jackson County|OH|14587
Jefferson County|OH|32826
Knox County|OH|25118
Lake County|OH|101202
Lawrence County|OH|27603
Licking County|OH|69291
Logan County|OH|23181
Lorain County|OH|127036
Lucas County|OH|202630
Madison County|OH|15939
Mahoning County|OH|111833
Marion County|OH|27834
Medina County|OH|69181
Meigs County|OH|11191
Mercer County|OH|17633
Miami County|OH|44256
Monroe County|OH|7567
Montgomery County|OH|254775
Morgan County|OH|7892
Morrow County|OH|14155
Muskingum County|OH|38074
Noble County|OH|6053
Ottawa County|OH|27909
Paulding County|OH|8749
Perry County|OH|15211
Pickaway County|OH|21275
Pike County|OH|12481
Portage County|OH|67472
Preble County|OH|17888
Putnam County|OH|13731
Richland County|OH|54599
Ross County|OH|32148
Sandusky County|OH|26390
Scioto County|OH|34142
Seneca County|OH|24122
Shelby County|OH|20173
Stark County|OH|165215
Summit County|OH|245109
Trumbull County|OH|96163
Tuscarawas County|OH|40206
Union County|OH|19429
Van Wert County|OH|12615
Vinton County|OH|6291
Warren County|OH|80750
Washington County|OH|28367
Wayne County|OH|45847
Williams County|OH|16668
Wood County|OH|53376
Wyandot County|OH|9870
Adair County|OK|9142
Alfalfa County|OK|2763
Atoka County|OK|6312
Beaver County|OK|2670
Beckham County|OK|9647
Blaine County|OK|5193
Bryan County|OK|19586
Caddo County|OK|13141
Canadian County|OK|45810
Carter County|OK|21148
Cherokee County|OK|21455
Choctaw County|OK|7521
Cimarron County|OK|1587
Cleveland County|OK|104821
Coal County|OK|2810
Comanche County|OK|50739
Cotton County|OK|3016
Craig County|OK|6749
Creek County|OK|29761
Custer County|OK|12204
Delaware County|OK|24818
Dewey County|OK|2445
Ellis County|OK|2285
Garfield County|OK|26831
Garvin County|OK|12827
Grady County|OK|22219
Grant County|OK|2486
Greer County|OK|2738
Harmon County|OK|1544
Harper County|OK|1908
Haskell County|OK|6028
Hughes County|OK|6183
Jackson County|OK|12077
Jefferson County|OK|3378
Johnston County|OK|5126
Kay County|OK|21708
Kingfisher County|OK|6409
Kiowa County|OK|5216
Latimer County|OK|4979
Le Flore County|OK|21448
Lincoln County|OK|15208
Logan County|OK|17195
Love County|OK|4539
McClain County|OK|13996
McCurtain County|OK|15533
McIntosh County|OK|13350
Major County|OK|3671
Marshall County|OK|10006
Mayes County|OK|19239
Murray County|OK|6746
Muskogee County|OK|30908
Noble County|OK|5341
Nowata County|OK|4828
Okfuskee County|OK|5282
Oklahoma County|OK|319828
Okmulgee County|OK|17891
Osage County|OK|21143
Ottawa County|OK|14060
Pawnee County|OK|7745
Payne County|OK|33991
Pittsburg County|OK|22634
Pontotoc County|OK|16595
Pottawatomie County|OK|29139
Pushmataha County|OK|6110
Roger Mills County|OK|1905
Rogers County|OK|35160
Seminole County|OK|11642
Sequoyah County|OK|18656
Stephens County|OK|20658
Texas County|OK|8208
Tillman County|OK|4077
Tulsa County|OK|268426
Wagoner County|OK|29694
Washington County|OK|23451
Washita County|OK|5479
Woods County|OK|4478
Woodward County|OK|8838
Baker County|OR|8826
Benton County|OR|36245
Clackamas County|OR|156945
Clatsop County|OR|21546
Columbia County|OR|20698
Coos County|OR|30593
Crook County|OR|10202
Curry County|OR|12613
Deschutes County|OR|80139
Douglas County|OR|48915
Gilliam County|OR|1156
Grant County|OR|4344
Harney County|OR|3835
Hood River County|OR|9271
Jackson County|OR|90937
Jefferson County|OR|9815
Josephine County|OR|38001
Klamath County|OR|32774
Lake County|OR|4439
Lane County|OR|156112
Lincoln County|OR|30610
Linn County|OR|48821
Malheur County|OR|11692
Marion County|OR|120948
Morrow County|OR|4442
Multnomah County|OR|324832
Polk County|OR|30302
Sherman County|OR|918
Tillamook County|OR|18359
Umatilla County|OR|29693
Union County|OR|11489
Wallowa County|OR|4108
Wasco County|OR|11487
Washington County|OR|212450
Wheeler County|OR|895
Yamhill County|OR|37110
Adams County|PA|40820
Allegheny County|PA|589201
Armstrong County|PA|32520
Beaver County|PA|78211
Bedford County|PA|23954
Berks County|PA|164827
Blair County|PA|56276
Bradford County|PA|29979
Bucks County|PA|245956
Butler County|PA|78167
Cambria County|PA|65650
Cameron County|PA|4455
Carbon County|PA|34299
Centre County|PA|63297
Chester County|PA|192462
Clarion County|PA|19962
Clearfield County|PA|38644
Clinton County|PA|19080
Columbia County|PA|29498
Crawford County|PA|44686
Cumberland County|PA|99988
Dauphin County|PA|120406
Delaware County|PA|222902
Elk County|PA|17585
Erie County|PA|119138
Fayette County|PA|62773
Forest County|PA|8760
Franklin County|PA|63219
Fulton County|PA|7122
Greene County|PA|16460
Huntingdon County|PA|22365
Indiana County|PA|38236
Jefferson County|PA|22434
Juniata County|PA|10978
Lackawanna County|PA|96832
Lancaster County|PA|202952
Lawrence County|PA|40975
Lebanon County|PA|55592
Lehigh County|PA|142613
Luzerne County|PA|148748
Lycoming County|PA|52500
McKean County|PA|21225
Mercer County|PA|51733
Mifflin County|PA|21537
Monroe County|PA|80359
Montgomery County|PA|325735
Montour County|PA|7965
Northampton County|PA|120363
Northumberland County|PA|45125
Perry County|PA|20424
Philadelphia County|PA|670171
Pike County|PA|38350
Potter County|PA|12932
Schuylkill County|PA|69323
Snyder County|PA|16027
Somerset County|PA|38113
Sullivan County|PA|6304
Susquehanna County|PA|22968
Tioga County|PA|21364
Union County|PA|16997
Venango County|PA|27464
Warren County|PA|23560
Washington County|PA|92977
Wayne County|PA|31653
Westmoreland County|PA|168199
Wyoming County|PA|13254
York County|PA|178671
Bristol County|RI|20850
Kent County|RI|73701
Newport County|RI|41796
Providence County|RI|264835
Washington County|RI|62206
Abbeville County|SC|12079
Aiken County|SC|72249
Allendale County|SC|4486
Anderson County|SC|84774
Bamberg County|SC|7716
Barnwell County|SC|10484
Beaufort County|SC|93023
Berkeley County|SC|73372
Calhoun County|SC|7340
Charleston County|SC|169984
Cherokee County|SC|23997
Chester County|SC|14701
Chesterfield County|SC|21482
Clarendon County|SC|17467
Colleton County|SC|19901
Darlington County|SC|30297
Dillon County|SC|13742
Dorchester County|SC|55186
Edgefield County|SC|10559
Fairfield County|SC|11681
Florence County|SC|58666
Georgetown County|SC|33672
Greenville County|SC|195462
Greenwood County|SC|31054
Hampton County|SC|9140
Horry County|SC|185992
Jasper County|SC|10299
Kershaw County|SC|27478
Lancaster County|SC|32687
Laurens County|SC|30709
Lee County|SC|7775
Lexington County|SC|113957
McCormick County|SC|5453
Marion County|SC|14953
Marlboro County|SC|12072
Newberry County|SC|17922
Oconee County|SC|38763
Orangeburg County|SC|42504
Pickens County|SC|51244
Richland County|SC|161725
Saluda County|SC|9289
Spartanburg County|SC|122628
Sumter County|SC|46011
Union County|SC|14153
Williamsburg County|SC|15359
York County|SC|94196
Aurora County|SD|1324
Beadle County|SD|8304
Bennett County|SD|1263
Bon Homme County|SD|2931
Brookings County|SD|13137
Brown County|SD|16706
Brule County|SD|2433
Buffalo County|SD|609
Butte County|SD|4621
Campbell County|SD|980
Charles Mix County|SD|3849
Clark County|SD|1710
Clay County|SD|5639
Codington County|SD|12397
Corson County|SD|1540
Custer County|SD|4628
Davison County|SD|8852
Day County|SD|3630
Deuel County|SD|2204
Dewey County|SD|2002
Douglas County|SD|1439
Edmunds County|SD|1966
Fall River County|SD|4191
Faulk County|SD|1136
Grant County|SD|3526
Gregory County|SD|2503
Haakon County|SD|1013
Hamlin County|SD|2760
Hand County|SD|1815
Hanson County|SD|1177
Harding County|SD|731
Hughes County|SD|7623
Hutchinson County|SD|3351
Hyde County|SD|708
Jackson County|SD|1193
Jerauld County|SD|1070
Jones County|SD|589
Kingsbury County|SD|2720
Lake County|SD|5559
Lawrence County|SD|12756
Lincoln County|SD|17875
Lyman County|SD|1704
McCook County|SD|2491
McPherson County|SD|1418
Marshall County|SD|2534
Meade County|SD|11000
Mellette County|SD|838
Miner County|SD|1308
Minnehaha County|SD|71557
Moody County|SD|2824
Pennington County|SD|44949
Perkins County|SD|1739
Potter County|SD|1500
Roberts County|SD|4905
Sanborn County|SD|1172
Shannon County|SD|3593
Spink County|SD|3139
Stanley County|SD|1387
Sully County|SD|845
Todd County|SD|3142
Tripp County|SD|3072
Turner County|SD|3939
Union County|SD|6280
Walworth County|SD|3003
Yankton County|SD|9652
Ziebach County|SD|987
Anderson County|TN|34717
Bedford County|TN|18360
Benton County|TN|8975
Bledsoe County|TN|5718
Blount County|TN|55266
Bradley County|TN|41395
Campbell County|TN|19966
Cannon County|TN|6037
Carroll County|TN|13184
Carter County|TN|27746
Cheatham County|TN|15663
Chester County|TN|6980
Claiborne County|TN|14859
Clay County|TN|4282
Cocke County|TN|17459
Coffee County|TN|23434
Crockett County|TN|6425
Cumberland County|TN|28151
Davidson County|TN|283978
Decatur County|TN|6873
DeKalb County|TN|9405
Dickson County|TN|20820
Dyer County|TN|16703
Fayette County|TN|15669
Fentress County|TN|8961
Franklin County|TN|18697
Gibson County|TN|21999
Giles County|TN|13844
Grainger County|TN|10894
Greene County|TN|32025
Grundy County|TN|6397
Hamblen County|TN|26963
Hamilton County|TN|151107
Hancock County|TN|3624
Hardeman County|TN|10851
Hardin County|TN|13946
Hawkins County|TN|26870
Haywood County|TN|8315
Henderson County|TN|12776
Henry County|TN|17054
Hickman County|TN|10311
Houston County|TN|4188
Humphreys County|TN|8865
Jackson County|TN|5843
Jefferson County|TN|23499
Johnson County|TN|8956
Knox County|TN|194949
Lake County|TN|2598
Lauderdale County|TN|11256
Lawrence County|TN|18177
Lewis County|TN|5470
Lincoln County|TN|15241
Loudon County|TN|21725
McMinn County|TN|23341
McNairy County|TN|11933
Macon County|TN|9861
Madison County|TN|41877
Marion County|TN|12954
Marshall County|TN|13119
Maury County|TN|35254
Meigs County|TN|5628
Monroe County|TN|20787
Montgomery County|TN|70098
Moore County|TN|2915
Morgan County|TN|8920
Obion County|TN|14659
Overton County|TN|10295
Perry County|TN|4599
Pickett County|TN|3462
Polk County|TN|7991
Putnam County|TN|31882
Rhea County|TN|14365
Roane County|TN|25716
Robertson County|TN|26086
Rutherford County|TN|102968
Scott County|TN|9910
Sequatchie County|TN|6368
Sevier County|TN|55918
Shelby County|TN|398274
Smith County|TN|8529
Stewart County|TN|6778
Sullivan County|TN|73760
Sumner County|TN|65968
Tipton County|TN|23199
Trousdale County|TN|3368
Unicoi County|TN|8830
Union County|TN|8958
Van Buren County|TN|2663
Warren County|TN|17821
Washington County|TN|57254
Wayne County|TN|7287
Weakley County|TN|15495
White County|TN|11511
Williamson County|TN|68498
Wilson County|TN|45568
Anderson County|TX|20116
Andrews County|TX|5814
Angelina County|TX|35589
Aransas County|TX|15355
Archer County|TX|4107
Armstrong County|TX|904
Atascosa County|TX|17631
Austin County|TX|12926
Bailey County|TX|2784
Bandera County|TX|11561
Bastrop County|TX|29316
Baylor County|TX|2665
Bee County|TX|10649
Bell County|TX|125470
Bexar County|TX|662872
Blanco County|TX|5532
Borden County|TX|385
Bosque County|TX|9623
Bowie County|TX|38493
Brazoria County|TX|118336
Brazos County|TX|77700
Brewster County|TX|5383
Briscoe County|TX|953
Brooks County|TX|3239
Brown County|TX|18287
Burleson County|TX|8832
Burnet County|TX|20870
Caldwell County|TX|13759
Calhoun County|TX|11410
Callahan County|TX|6549
Cameron County|TX|141924
Camp County|TX|5656
Carson County|TX|2784
Cass County|TX|14379
Castro County|TX|3166
Chambers County|TX|13291
Cherokee County|TX|20859
Childress County|TX|2883
Clay County|TX|5150
Cochran County|TX|1360
Coke County|TX|2667
Coleman County|TX|5543
Collin County|TX|300960
Collingsworth County|TX|1616
Colorado County|TX|10527
Comal County|TX|47108
Comanche County|TX|7223
Concho County|TX|1637
Cooke County|TX|16606
Coryell County|TX|25178
Cottle County|TX|968
Crane County|TX|1632
Crockett County|TX|1866
Crosby County|TX|2902
Culberson County|TX|1137
Dallam County|TX|2827
Dallas County|TX|943257
Dawson County|TX|5220
Deaf Smith County|TX|7077
Delta County|TX|2458
Denton County|TX|256139
DeWitt County|TX|9176
Dickens County|TX|1282
Dimmit County|TX|4350
Donley County|TX|2142
Duval County|TX|5523
Eastland County|TX|10258
Ector County|TX|53027
Edwards County|TX|1606
Ellis County|TX|54365
El Paso County|TX|270307
Erath County|TX|16987
Falls County|TX|7724
Fannin County|TX|14191
Fayette County|TX|13868
Fisher County|TX|2212
Floyd County|TX|3004
Foard County|TX|789
Fort Bend County|TX|197030
Franklin County|TX|5770
Freestone County|TX|9265
Frio County|TX|5846
Gaines County|TX|6301
Galveston County|TX|132492
Garza County|TX|2237
Gillespie County|TX|12778
Glasscock County|TX|580
Goliad County|TX|3710
Gonzales County|TX|8794
Gray County|TX|10158
Grayson County|TX|53727
Gregg County|TX|49514
Grimes County|TX|10917
Guadalupe County|TX|50015
Hale County|TX|13541
Hall County|TX|1943
Hamilton County|TX|4566
Hansford County|TX|2338
Hardeman County|TX|2417
Hardin County|TX|22597
Harris County|TX|1598698
Harrison County|TX|27704
Hartley County|TX|1946
Haskell County|TX|3443
Hays County|TX|59417
Hemphill County|TX|1629
Henderson County|TX|39595
Hidalgo County|TX|248287
Hill County|TX|16118
Hockley County|TX|9293
Hood County|TX|24951
Hopkins County|TX|15029
Houston County|TX|11532
Howard County|TX|13124
Hudspeth County|TX|1527
Hunt County|TX|36704
Hutchinson County|TX|10629
Irion County|TX|856
Jack County|TX|4095
Jackson County|TX|6590
Jasper County|TX|16798
Jeff Davis County|TX|1613
Jefferson County|TX|104424
Jim Hogg County|TX|2441
Jim Wells County|TX|16147
Johnson County|TX|56719
Jones County|TX|7422
Karnes County|TX|5650
Kaufman County|TX|38322
Kendall County|TX|14055
Kenedy County|TX|233
Kent County|TX|552
Kerr County|TX|23831
Kimble County|TX|3371
King County|TX|186
Kinney County|TX|1940
Kleberg County|TX|12787
Knox County|TX|2044
Lamar County|TX|22481
Lamb County|TX|6128
Lampasas County|TX|8718
La Salle County|TX|2746
Lavaca County|TX|10344
Lee County|TX|7499
Leon County|TX|9509
Liberty County|TX|28759
Limestone County|TX|10536
Lipscomb County|TX|1512
Live Oak County|TX|6065
Llano County|TX|14280
Loving County|TX|50
Lubbock County|TX|115064
Lynn County|TX|2676
McCulloch County|TX|4302
McLennan County|TX|95124
McMullen County|TX|485
Madison County|TX|5096
Marion County|TX|6218
Martin County|TX|1852
Mason County|TX|2733
Matagorda County|TX|18801
Maverick County|TX|17462
Medina County|TX|17991
Menard County|TX|1702
Midland County|TX|54351
Milam County|TX|11305
Mills County|TX|2846
Mitchell County|TX|4064
Montague County|TX|10131
Montgomery County|TX|177647
Moore County|TX|7881
Morris County|TX|6024
Motley County|TX|779
Nacogdoches County|TX|27406
Navarro County|TX|20234
Newton County|TX|7142
Nolan County|TX|7152
Nueces County|TX|141033
Ochiltree County|TX|4062
Oldham County|TX|841
Orange County|TX|35313
Palo Pinto County|TX|15214
Panola County|TX|10920
Parker County|TX|46628
Parmer County|TX|3799
Pecos County|TX|5585
Polk County|TX|22683
Potter County|TX|47271
Presidio County|TX|3825
Rains County|TX|5269
Randall County|TX|51587
Reagan County|TX|1372
Real County|TX|2599
Red River County|TX|6826
Reeves County|TX|4640
Refugio County|TX|3726
Roberts County|TX|439
Robertson County|TX|8484
Rockwall County|TX|27939
Runnels County|TX|5298
Rusk County|TX|21191
Sabine County|TX|7988
San Augustine County|TX|5342
San Jacinto County|TX|13187
San Patricio County|TX|26521
San Saba County|TX|3177
Schleicher County|TX|1489
Scurry County|TX|6963
Shackelford County|TX|1754
Shelby County|TX|11873
Sherman County|TX|1252
Smith County|TX|87309
Somervell County|TX|3674
Starr County|TX|19526
Stephens County|TX|4938
Sterling County|TX|615
Stonewall County|TX|928
Sutton County|TX|2031
Swisher County|TX|3221
Tarrant County|TX|714803
Taylor County|TX|55750
Terrell County|TX|700
Terry County|TX|4828
Throckmorton County|TX|1079
Titus County|TX|12054
Tom Green County|TX|46571
Travis County|TX|441240
Trinity County|TX|8713
Tyler County|TX|10579
Upshur County|TX|16613
Upton County|TX|1548
Uvalde County|TX|10811
Val Verde County|TX|18651
Van Zandt County|TX|22817
Victoria County|TX|35417
Walker County|TX|24058
Waller County|TX|15839
Ward County|TX|4694
Washington County|TX|15514
Webb County|TX|73496
Wharton County|TX|17127
Wheeler County|TX|2730
Wichita County|TX|55566
Wilbarger County|TX|6318
Willacy County|TX|7040
Williamson County|TX|162773
Wilson County|TX|16766
Winkler County|TX|3027
Wise County|TX|23781
Wood County|TX|20861
Yoakum County|TX|2978
Young County|TX|8622
Zapata County|TX|6203
Zavala County|TX|4283
Beaver County|UT|2908
Box Elder County|UT|17326
Cache County|UT|37024
Carbon County|UT|9551
Daggett County|UT|1141
Davis County|UT|97570
Duchesne County|UT|9493
Emery County|UT|4489
Garfield County|UT|3726
Grand County|UT|4816
Iron County|UT|19667
Juab County|UT|3502
Kane County|UT|5815
Millard County|UT|4939
Morgan County|UT|3006
Piute County|UT|898
Rich County|UT|2834
Salt Lake County|UT|364031
San Juan County|UT|5734
Sanpete County|UT|10379
Sevier County|UT|8449
Summit County|UT|26545
Tooele County|UT|19455
Uintah County|UT|11972
Utah County|UT|148350
Wasatch County|UT|10577
Washington County|UT|57734
Wayne County|UT|1591
Weber County|UT|86187
Addison County|VT|16760
Bennington County|VT|20922
Caledonia County|VT|15942
Chittenden County|VT|65722
Essex County|VT|5019
Franklin County|VT|21588
Grand Isle County|VT|5048
Lamoille County|VT|12969
Orange County|VT|14845
Orleans County|VT|16162
Rutland County|VT|33768
Washington County|VT|29941
Windham County|VT|29735
Windsor County|VT|34118
Accomack County|VA|21002
Albemarle County|VA|42122
Alleghany County|VA|8074
Amelia County|VA|5359
Amherst County|VA|13976
Appomattox County|VA|6921
Arlington County|VA|105404
Augusta County|VA|31194
Bath County|VA|3270
Bedford County|VA|31937
Bland County|VA|3265
Botetourt County|VA|14562
Brunswick County|VA|8166
Buchanan County|VA|11576
Buckingham County|VA|7244
Campbell County|VA|24769
Caroline County|VA|11729
Carroll County|VA|16569
Charles City County|VA|3229
Charlotte County|VA|6273
Chesterfield County|VA|122555
Clarke County|VA|6235
Craig County|VA|2809
Culpeper County|VA|17657
Cumberland County|VA|4626
Dickenson County|VA|7579
Dinwiddie County|VA|11422
Essex County|VA|5757
Fairfax County|VA|407998
Fauquier County|VA|25600
Floyd County|VA|7790
Fluvanna County|VA|10383
Franklin County|VA|29315
Frederick County|VA|31346
Giles County|VA|8319
Gloucester County|VA|15852
Goochland County|VA|8618
Grayson County|VA|9156
Greene County|VA|7509
Greensville County|VA|4090
Halifax County|VA|18004
Hanover County|VA|38360
Henrico County|VA|132778
Henry County|VA|26268
Highland County|VA|1837
Isle of Wight County|VA|14633
James City County|VA|29797
King and Queen County|VA|3414
King George County|VA|9477
King William County|VA|6522
Lancaster County|VA|7402
Lee County|VA|11745
Loudoun County|VA|109442
Louisa County|VA|16319
Lunenburg County|VA|5935
Madison County|VA|5932
Mathews County|VA|5669
Mecklenburg County|VA|18591
Middlesex County|VA|7133
Montgomery County|VA|38569
Nelson County|VA|9931
New Kent County|VA|7295
Northampton County|VA|7301
Northumberland County|VA|8995
Nottoway County|VA|6650
Orange County|VA|14616
Page County|VA|11600
Patrick County|VA|10083
Pittsylvania County|VA|31307
Powhatan County|VA|10043
Prince Edward County|VA|9149
Prince George County|VA|12056
Prince William County|VA|137115
Pulaski County|VA|17235
Rappahannock County|VA|3839
Richmond County|VA|3850
Roanoke County|VA|40016
Rockbridge County|VA|11152
Rockingham County|VA|33660
Russell County|VA|13484
Scott County|VA|11916
Shenandoah County|VA|20876
Smyth County|VA|15427
Southampton County|VA|7473
Spotsylvania County|VA|45185
Stafford County|VA|43978
Surry County|VA|3444
Sussex County|VA|4696
Tazewell County|VA|20826
Warren County|VA|16034
Washington County|VA|25601
Westmoreland County|VA|10618
Wise County|VA|17940
Wythe County|VA|14079
York County|VA|26849
Alexandria city|VA|72376
Bedford city|VA|2920
Bristol city|VA|8831
Buena Vista city|VA|2936
Charlottesville city|VA|19189
Chesapeake city|VA|83196
Colonial Heights city|VA|7831
Covington city|VA|3067
Danville city|VA|22438
Emporia city|VA|2565
Fairfax city|VA|8680
Falls Church city|VA|5489
Franklin city|VA|3901
Fredericksburg city|VA|10467
Galax city|VA|3252
Hampton city|VA|59566
Harrisonburg city|VA|17444
Hopewell city|VA|10121
Lexington city|VA|2546
Lynchburg city|VA|31992
Manassas city|VA|13123
Manassas Park city|VA|4904
Martinsville city|VA|7205
Newport News city|VA|76198
Norfolk city|VA|95018
Norton city|VA|1945
Petersburg city|VA|16326
Poquoson city|VA|4726
Portsmouth city|VA|40806
Radford city|VA|6427
Richmond city|VA|98349
Roanoke city|VA|47453
Salem city|VA|10832
Staunton city|VA|11738
Suffolk city|VA|33035
Virginia Beach city|VA|177879
Waynesboro city|VA|9717
Williamsburg city|VA|5176
Winchester city|VA|11872
Adams County|WA|6242
Asotin County|WA|9872
Benton County|WA|68618
Chelan County|WA|35465
Clallam County|WA|35582
Clark County|WA|167413
Columbia County|WA|2136
Cowlitz County|WA|43450
Douglas County|WA|16004
Ferry County|WA|4403
Franklin County|WA|24423
Garfield County|WA|1233
Grant County|WA|35083
Grays Harbor County|WA|35166
Island County|WA|40234
Jefferson County|WA|17767
King County|WA|851261
Kitsap County|WA|107367
Kittitas County|WA|21900
Klickitat County|WA|9786
Lewis County|WA|34050
Lincoln County|WA|5776
Mason County|WA|32518
Okanogan County|WA|22245
Pacific County|WA|15547
Pend Oreille County|WA|7936
Pierce County|WA|325375
San Juan County|WA|13313
Skagit County|WA|51473
Skamania County|WA|5628
Snohomish County|WA|286659
Spokane County|WA|201434
Stevens County|WA|21156
Thurston County|WA|108182
Wahkiakum County|WA|2067
Walla Walla County|WA|23451
Whatcom County|WA|90665
Whitman County|WA|19323
Yakima County|WA|85474
Barbour County|WV|7849
Berkeley County|WV|44762
Boone County|WV|11070
Braxton County|WV|7415
Brooke County|WV|10967
Cabell County|WV|46169
Calhoun County|WV|3963
Clay County|WV|4572
Doddridge County|WV|3946
Fayette County|WV|21618
Gilmer County|WV|3448
Grant County|WV|6366
Greenbrier County|WV|18980
Hampshire County|WV|13688
Hancock County|WV|14541
Hardy County|WV|8078
Harrison County|WV|31431
Jackson County|WV|13305
Jefferson County|WV|22037
Kanawha County|WV|92618
Lewis County|WV|7958
Lincoln County|WV|9887
Logan County|WV|16743
McDowell County|WV|11322
Marion County|WV|26463
Marshall County|WV|15918
Mason County|WV|13006
Mercer County|WV|30115
Mineral County|WV|13039
Mingo County|WV|12699
Monongalia County|WV|43238
Monroe County|WV|7601
Morgan County|WV|9753
Nicholas County|WV|13064
Ohio County|WV|21172
Pendleton County|WV|5132
Pleasants County|WV|3390
Pocahontas County|WV|8847
Preston County|WV|15097
Putnam County|WV|23438
Raleigh County|WV|35931
Randolph County|WV|14189
Ritchie County|WV|5843
Roane County|WV|7351
Summers County|WV|7680
Taylor County|WV|7541
Tucker County|WV|5346
Tyler County|WV|5000
Upshur County|WV|11099
Wayne County|WV|19227
Webster County|WV|5428
Wetzel County|WV|8173
Wirt County|WV|3231
Wood County|WV|40215
Wyoming County|WV|10958
Adams County|WI|17436
Ashland County|WI|9656
Barron County|WI|23614
Bayfield County|WI|12999
Brown County|WI|104371
Buffalo County|WI|6664
Burnett County|WI|15278
Calumet County|WI|19695
Chippewa County|WI|27185
Clark County|WI|15076
Columbia County|WI|26137
Crawford County|WI|8802
Dane County|WI|216022
Dodge County|WI|37005
Door County|WI|23966
Douglas County|WI|22825
Dunn County|WI|17964
Eau Claire County|WI|42151
Florence County|WI|4780
Fond du Lac County|WI|43910
Forest County|WI|8970
Grant County|WI|21581
Green County|WI|15856
Green Lake County|WI|10616
Iowa County|WI|10719
Iron County|WI|5999
Jackson County|WI|9727
Jefferson County|WI|35147
Juneau County|WI|14669
Kenosha County|WI|69288
Kewaunee County|WI|9304
La Crosse County|WI|48402
Lafayette County|WI|7230
Langlade County|WI|12360
Lincoln County|WI|16784
Manitowoc County|WI|37189
Marathon County|WI|57734
Marinette County|WI|30379
Marquette County|WI|9896
Menominee County|WI|2253
Milwaukee County|WI|418053
Monroe County|WI|19204
Oconto County|WI|23537
Oneida County|WI|30125
Outagamie County|WI|73149
Ozaukee County|WI|36267
Pepin County|WI|3579
Pierce County|WI|16132
Polk County|WI|24248
Portage County|WI|30054
Price County|WI|11120
Racine County|WI|82164
Richland County|WI|8868
Rock County|WI|68422
Rusk County|WI|8883
St. Croix County|WI|33983
Sauk County|WI|29708
Sawyer County|WI|15975
Shawano County|WI|20720
Sheboygan County|WI|50766
Taylor County|WI|10582
Trempealeau County|WI|12619
Vernon County|WI|13720
Vilas County|WI|25116
Walworth County|WI|51531
Washburn County|WI|12979
Washington County|WI|54695
Waukesha County|WI|160864
Waupaca County|WI|25396
Waushara County|WI|14843
Winnebago County|WI|73329
Wood County|WI|34088
Albany County|WY|17939
Big Horn County|WY|5379
Campbell County|WY|18955
Carbon County|WY|8576
Converse County|WY|6403
Crook County|WY|3595
Fremont County|WY|17796
Goshen County|WY|5972
Hot Springs County|WY|2582
Johnson County|WY|4553
Laramie County|WY|40462
Lincoln County|WY|8946
Natrona County|WY|33807
Niobrara County|WY|1338
Park County|WY|13562
Platte County|WY|4667
Sheridan County|WY|13939
Sublette County|WY|5770
Sweetwater County|WY|18735
Teton County|WY|12813
Uinta County|WY|8713
Washakie County|WY|3833
Weston County|WY|3533
